Plot,TreeID,Species,Year,DBH,GapYears,PrevDBH,GrowthRate,GrowthType
Upper,1,Sugar Maple,2015,10.3,,,,initial
Upper,1,Sugar Maple,2016,10.2,1.0,10.3,-0.009708737864077808,normal
Upper,1,Sugar Maple,2017,10.3,1.0,10.2,0.009803921568627591,normal
Upper,1,Sugar Maple,2018,10.5,1.0,10.3,0.01941747572815527,normal
Upper,1,Sugar Maple,2021,10.67,3.0,10.5,0.005396825396825395,annualized
Upper,1,Sugar Maple,2022,10.7,1.0,10.67,0.0028116213683223395,normal
Upper,1,Sugar Maple,2023,10.69,1.0,10.7,-0.0009345794392523165,normal
Upper,1,Sugar Maple,2024,10.85,1.0,10.69,0.01496725912067354,normal
Upper,1,Sugar Maple,2025,10.8,1.0,10.85,-0.004608294930875478,normal
Upper,10,sugar maple,2015,13.5,,,,initial
Upper,10,sugar maple,2016,13.7,1.0,13.5,0.014814814814814762,normal
Upper,10,sugar maple,2017,13.85,1.0,13.7,0.010948905109489078,normal
Upper,10,sugar maple,2018,14.0,1.0,13.85,0.010830324909747318,normal
Upper,10,sugar maple,2021,14.24,3.0,14.0,0.0057142857142857195,annualized
Upper,10,sugar maple,2022,14.5,1.0,14.24,0.01825842696629212,normal
Upper,10,sugar maple,2023,14.25,1.0,14.5,-0.017241379310344827,normal
Upper,10,sugar maple,2024,14.31,1.0,14.25,0.004210526315789508,normal
Upper,10,sugar maple,2025,14.4,1.0,14.31,0.006289308176100619,normal
Upper,100,Sugar Maple,2015,8.5,,,,initial
Upper,100,Sugar Maple,2016,8.6,1.0,8.5,0.0117647058823529,normal
Upper,100,Sugar Maple,2017,8.63,1.0,8.6,0.003488372093023388,normal
Upper,100,Sugar Maple,2018,8.75,1.0,8.63,0.013904982618771634,normal
Upper,100,Sugar Maple,2021,8.9,3.0,8.75,0.005714285714285728,annualized
Upper,100,Sugar Maple,2022,8.64,1.0,8.9,-0.02921348314606739,normal
Upper,100,Sugar Maple,2023,9.06,1.0,8.64,0.0486111111111111,normal
Upper,100,Sugar Maple,2024,9.37,1.0,9.06,0.03421633554083871,normal
Upper,100,Sugar Maple,2025,9.0,1.0,9.37,-0.039487726787619984,normal
Upper,11,Sugar maple,2015,15.06,,,,initial
Upper,11,Sugar maple,2016,15.5,1.0,15.06,0.029216467463479383,normal
Upper,11,Sugar maple,2017,15.4,1.0,15.5,-0.006451612903225784,normal
Upper,11,Sugar maple,2018,13.5,1.0,15.4,-0.12337662337662339,normal
Upper,11,Sugar maple,2021,15.78,3.0,13.5,0.05629629629629628,annualized
Upper,11,Sugar maple,2022,16.1,1.0,15.78,0.020278833967047025,normal
Upper,11,Sugar maple,2023,15.9,1.0,16.1,-0.01242236024844727,normal
Upper,11,Sugar maple,2024,16.14,1.0,15.9,0.015094339622641522,normal
Upper,11,Sugar maple,2025,16.15,1.0,16.14,0.0006195786864930614,normal
Upper,12,Sugar Maple ,2015,9.8,,,,initial
Upper,12,Sugar Maple ,2016,10.5,1.0,9.8,0.07142857142857136,normal
Upper,12,Sugar Maple ,2017,10.03,1.0,10.5,-0.04476190476190482,normal
Upper,12,Sugar Maple ,2018,10.0,1.0,10.03,-0.0029910269192422096,normal
Upper,12,Sugar Maple ,2021,10.27,3.0,10.0,0.008999999999999985,annualized
Upper,12,Sugar Maple ,2022,10.3,1.0,10.27,0.0029211295034080953,normal
Upper,12,Sugar Maple ,2023,10.3,1.0,10.3,0.0,normal
Upper,12,Sugar Maple ,2024,10.04,1.0,10.3,-0.025242718446602093,normal
Upper,12,Sugar Maple ,2025,10.36,1.0,10.04,0.0318725099601594,normal
Upper,13,Sugar Maple ,2015,14.5,,,,initial
Upper,13,Sugar Maple ,2016,14.375,1.0,14.5,-0.008620689655172414,normal
Upper,13,Sugar Maple ,2017,14.46,1.0,14.375,0.005913043478260929,normal
Upper,13,Sugar Maple ,2018,14.5,1.0,14.46,0.0027662517289072713,normal
Upper,13,Sugar Maple ,2021,14.83,3.0,14.5,0.007586206896551726,annualized
Upper,13,Sugar Maple ,2022,14.6,1.0,14.83,-0.015509103169251547,normal
Upper,13,Sugar Maple ,2023,14.9,1.0,14.6,0.020547945205479503,normal
Upper,13,Sugar Maple ,2024,15.8,1.0,14.9,0.06040268456375841,normal
Upper,13,Sugar Maple ,2025,14.74,1.0,15.8,-0.06708860759493673,normal
Upper,14,Sugar Maple ,2015,15.06,,,,initial
Upper,14,Sugar Maple ,2016,15.5,1.0,15.06,0.029216467463479383,normal
Upper,14,Sugar Maple ,2017,15.3,1.0,15.5,-0.012903225806451568,normal
Upper,14,Sugar Maple ,2018,15.5,1.0,15.3,0.013071895424836555,normal
Upper,14,Sugar Maple ,2021,15.94,3.0,15.5,0.009462365591397839,annualized
Upper,14,Sugar Maple ,2022,16.0,1.0,15.94,0.003764115432873306,normal
Upper,14,Sugar Maple ,2023,16.25,1.0,16.0,0.015625,normal
Upper,14,Sugar Maple ,2024,16.3,1.0,16.25,0.0030769230769231207,normal
Upper,14,Sugar Maple ,2025,16.5,1.0,16.3,0.012269938650306704,normal
Upper,15,Sugar Maple,2015,6.5,,,,initial
Upper,15,Sugar Maple,2016,6.5,1.0,6.5,0.0,normal
Upper,15,Sugar Maple,2017,6.6,1.0,6.5,0.01538461538461533,normal
Upper,15,Sugar Maple,2018,6.21,1.0,6.6,-0.05909090909090905,normal
Upper,15,Sugar Maple,2021,7.0,3.0,6.21,0.042404723564143855,annualized
Upper,15,Sugar Maple,2022,6.88,1.0,7.0,-0.017142857142857158,normal
Upper,15,Sugar Maple,2023,6.69,1.0,6.88,-0.02761627906976737,normal
Upper,15,Sugar Maple,2024,7.03,1.0,6.69,0.05082212257100147,normal
Upper,15,Sugar Maple,2025,7.05,1.0,7.03,0.0028449502133712054,normal
Upper,167,Sugar Maple,2016,2.9,,,,initial
Upper,167,Sugar Maple,2017,2.75,1.0,2.9,-0.051724137931034454,normal
Upper,167,Sugar Maple,2018,2.72,1.0,2.75,-0.010909090909090839,normal
Upper,167,Sugar Maple,2021,2.8,3.0,2.72,0.009803921568627406,annualized
Upper,167,Sugar Maple,2022,2.8,1.0,2.8,0.0,normal
Upper,167,Sugar Maple,2023,2.75,1.0,2.8,-0.017857142857142794,normal
Upper,167,Sugar Maple,2024,2.7,1.0,2.75,-0.01818181818181812,normal
Upper,167,Sugar Maple,2025,2.85,1.0,2.7,0.05555555555555552,normal
Upper,168,Sugar Maple,2015,2.4,,,,initial
Upper,168,Sugar Maple,2016,2.375,1.0,2.4,-0.01041666666666663,normal
Upper,168,Sugar Maple,2017,2.5,1.0,2.375,0.05263157894736842,normal
Upper,168,Sugar Maple,2018,2.44,1.0,2.5,-0.02400000000000002,normal
Upper,168,Sugar Maple,2021,2.56,3.0,2.44,0.016393442622950834,annualized
Upper,168,Sugar Maple,2022,2.56,1.0,2.56,0.0,normal
Upper,168,Sugar Maple,2023,2.75,1.0,2.56,0.07421874999999997,normal
Upper,168,Sugar Maple,2024,2.63,1.0,2.75,-0.043636363636363674,normal
Upper,168,Sugar Maple,2025,2.61,1.0,2.63,-0.0076045627376425924,normal
Upper,17,Sugar Maple,2015,20.6,,,,initial
Upper,17,Sugar Maple,2016,21.25,1.0,20.6,0.03155339805825236,normal
Upper,17,Sugar Maple,2017,21.2,1.0,21.25,-0.002352941176470622,normal
Upper,17,Sugar Maple,2018,21.12,1.0,21.2,-0.003773584905660297,normal
Upper,17,Sugar Maple,2021,22.06,3.0,21.12,0.01483585858585855,annualized
Upper,17,Sugar Maple,2022,22.4,1.0,22.06,0.015412511332728916,normal
Upper,17,Sugar Maple,2023,21.7,1.0,22.4,-0.03124999999999997,normal
Upper,17,Sugar Maple,2024,22.67,1.0,21.7,0.0447004608294932,normal
Upper,17,Sugar Maple,2025,22.87,1.0,22.67,0.008822232024702217,normal
Upper,171,Sugar Maple,2015,6.2,,,,initial
Upper,171,Sugar Maple,2016,6.1,1.0,6.2,-0.016129032258064602,normal
Upper,171,Sugar Maple,2017,6.5,1.0,6.1,0.06557377049180334,normal
Upper,171,Sugar Maple,2018,6.13,1.0,6.5,-0.05692307692307694,normal
Upper,171,Sugar Maple,2021,6.19,3.0,6.13,0.003262642740619929,annualized
Upper,171,Sugar Maple,2022,6.31,1.0,6.19,0.0193861066235863,normal
Upper,171,Sugar Maple,2023,6.13,1.0,6.31,-0.02852614896988902,normal
Upper,171,Sugar Maple,2024,6.25,1.0,6.13,0.019575856443719432,normal
Upper,171,Sugar Maple,2025,6.18,1.0,6.25,-0.011200000000000045,normal
Upper,172,Sugar Maple,2015,19.4,,,,initial
Upper,172,Sugar Maple,2016,19.9375,1.0,19.4,0.027706185567010384,normal
Upper,172,Sugar Maple,2017,20.3,1.0,19.9375,0.01818181818181822,normal
Upper,172,Sugar Maple,2018,20.06,1.0,20.3,-0.011822660098522265,normal
Upper,172,Sugar Maple,2021,20.5,3.0,20.06,0.007311399135925579,annualized
Upper,172,Sugar Maple,2022,20.8,1.0,20.5,0.014634146341463448,normal
Upper,172,Sugar Maple,2023,20.94,1.0,20.8,0.006730769230769258,normal
Upper,172,Sugar Maple,2024,21.22,1.0,20.94,0.01337153772683847,normal
Upper,172,Sugar Maple,2025,21.2,1.0,21.22,-0.0009425070688029959,normal
Upper,173,Sugar Maple,2015,11.2,,,,initial
Upper,173,Sugar Maple,2016,11.3125,1.0,11.2,0.010044642857142922,normal
Upper,173,Sugar Maple,2017,11.4,1.0,11.3125,0.007734806629834286,normal
Upper,173,Sugar Maple,2018,11.63,1.0,11.4,0.020175438596491267,normal
Upper,173,Sugar Maple,2021,12.1,3.0,11.63,0.013470908569790737,annualized
Upper,173,Sugar Maple,2022,12.5,1.0,12.1,0.03305785123966945,normal
Upper,173,Sugar Maple,2023,12.25,1.0,12.5,-0.02,normal
Upper,173,Sugar Maple,2024,12.55,1.0,12.25,0.024489795918367405,normal
Upper,173,Sugar Maple,2025,12.5,1.0,12.55,-0.003984063745019977,normal
Upper,174,Sugar Maple,2015,8.8,,,,initial
Upper,174,Sugar Maple,2016,8.75,1.0,8.8,-0.005681818181818262,normal
Upper,174,Sugar Maple,2017,7.8,1.0,8.75,-0.1085714285714286,normal
Upper,174,Sugar Maple,2018,8.94,1.0,7.8,0.1461538461538461,normal
Upper,174,Sugar Maple,2021,9.0,3.0,8.94,0.0022371364653244034,annualized
Upper,174,Sugar Maple,2022,9.13,1.0,9.0,0.01444444444444453,normal
Upper,174,Sugar Maple,2023,9.0,1.0,9.13,-0.014238773274917937,normal
Upper,174,Sugar Maple,2024,9.19,1.0,9.0,0.021111111111111056,normal
Upper,174,Sugar Maple,2025,9.2,1.0,9.19,0.0010881392818280508,normal
Upper,175,Sugar Maple ,2015,4.94,,,,initial
Upper,175,Sugar Maple ,2016,5.0,1.0,4.94,0.012145748987854171,normal
Upper,175,Sugar Maple ,2017,5.0,1.0,5.0,0.0,normal
Upper,175,Sugar Maple ,2018,5.06,1.0,5.0,0.011999999999999922,normal
Upper,175,Sugar Maple ,2021,5.0,3.0,5.06,-0.003952569169960449,annualized
Upper,175,Sugar Maple ,2022,4.0,1.0,5.0,-0.2,normal
Upper,175,Sugar Maple ,2023,4.39,1.0,4.0,0.09749999999999992,normal
Upper,175,Sugar Maple ,2024,5.0,1.0,4.39,0.1389521640091117,normal
Upper,175,Sugar Maple ,2025,5.02,1.0,5.0,0.003999999999999915,normal
Upper,178,Sugar Maple,2015,14.75,,,,initial
Upper,178,Sugar Maple,2016,14.5625,1.0,14.75,-0.012711864406779662,normal
Upper,178,Sugar Maple,2017,14.6,1.0,14.5625,0.002575107296137315,normal
Upper,178,Sugar Maple,2018,15.25,1.0,14.6,0.044520547945205505,normal
Upper,178,Sugar Maple,2021,14.9,3.0,15.25,-0.007650273224043708,annualized
Upper,178,Sugar Maple,2022,15.4,1.0,14.9,0.03355704697986577,normal
Upper,178,Sugar Maple,2023,15.3,1.0,15.4,-0.0064935064935064705,normal
Upper,178,Sugar Maple,2024,15.25,1.0,15.3,-0.003267973856209197,normal
Upper,178,Sugar Maple,2025,15.2,1.0,15.25,-0.0032786885245902103,normal
Upper,18,Norway Maple,2015,3.4,,,,initial
Upper,18,Norway Maple,2016,3.5625,1.0,3.4,0.04779411764705885,normal
Upper,18,Norway Maple,2017,3.8,1.0,3.5625,0.06666666666666661,normal
Upper,18,Norway Maple,2018,3.15,1.0,3.8,-0.17105263157894735,normal
Upper,18,Norway Maple,2021,3.94,3.0,3.15,0.0835978835978836,annualized
Upper,18,Norway Maple,2022,4.4,1.0,3.94,0.1167512690355331,normal
Upper,18,Norway Maple,2023,3.7,1.0,4.4,-0.15909090909090912,normal
Upper,18,Norway Maple,2024,4.45,1.0,3.7,0.2027027027027027,normal
Upper,18,Norway Maple,2025,4.2,1.0,4.45,-0.056179775280898875,normal
Upper,180,Red Maple,2015,5.1,,,,initial
Upper,180,Red Maple,2016,5.1,1.0,5.1,0.0,normal
Upper,180,Red Maple,2017,5.13,1.0,5.1,0.00588235294117652,normal
Upper,180,Red Maple,2018,5.19,1.0,5.13,0.011695906432748635,normal
Upper,180,Red Maple,2021,5.13,3.0,5.19,-0.0038535645472061977,annualized
Upper,180,Red Maple,2022,5.2,1.0,5.13,0.013645224171540018,normal
Upper,180,Red Maple,2023,4.64,1.0,5.2,-0.10769230769230778,normal
Upper,180,Red Maple,2024,5.1,1.0,4.64,0.09913793103448276,normal
Upper,180,Red Maple,2025,5.08,1.0,5.1,-0.003921568627450897,normal
Upper,181,sugar maple,2015,16.4,,,,initial
Upper,181,sugar maple,2016,17.0,1.0,16.4,0.036585365853658625,normal
Upper,181,sugar maple,2017,17.25,1.0,17.0,0.014705882352941176,normal
Upper,181,sugar maple,2018,17.0,1.0,17.25,-0.014492753623188406,normal
Upper,181,sugar maple,2021,17.55,3.0,17.0,0.01078431372549021,annualized
Upper,181,sugar maple,2022,17.16,1.0,17.55,-0.022222222222222254,normal
Upper,181,sugar maple,2023,17.25,1.0,17.16,0.005244755244755236,normal
Upper,181,sugar maple,2024,18.2,1.0,17.25,0.0550724637681159,normal
Upper,181,sugar maple,2025,18.03,1.0,18.2,-0.00934065934065924,normal
Upper,182,Sugar Maple ,2015,5.9,,,,initial
Upper,182,Sugar Maple ,2016,5.9,1.0,5.9,0.0,normal
Upper,182,Sugar Maple ,2017,6.0,1.0,5.9,0.01694915254237282,normal
Upper,182,Sugar Maple ,2018,6.0,1.0,6.0,0.0,normal
Upper,182,Sugar Maple ,2021,6.11,3.0,6.0,0.006111111111111129,annualized
Upper,182,Sugar Maple ,2022,6.2,1.0,6.11,0.014729950900163642,normal
Upper,182,Sugar Maple ,2023,6.2,1.0,6.2,0.0,normal
Upper,182,Sugar Maple ,2024,6.1,1.0,6.2,-0.016129032258064602,normal
Upper,182,Sugar Maple ,2025,6.15,1.0,6.1,0.008196721311475526,normal
Upper,183,Sugar Maple,2015,11.2,,,,initial
Upper,183,Sugar Maple,2016,11.3,1.0,11.2,0.008928571428571556,normal
Upper,183,Sugar Maple,2017,11.2,1.0,11.3,-0.008849557522124019,normal
Upper,183,Sugar Maple,2018,11.13,1.0,11.2,-0.006249999999999867,normal
Upper,183,Sugar Maple,2021,11.3,3.0,11.13,0.005091344713986221,annualized
Upper,183,Sugar Maple,2022,11.3,1.0,11.3,0.0,normal
Upper,183,Sugar Maple,2023,10.78,1.0,11.3,-0.046017699115044365,normal
Upper,183,Sugar Maple,2024,11.5,1.0,10.78,0.06679035250463829,normal
Upper,183,Sugar Maple,2025,11.2,1.0,11.5,-0.02608695652173919,normal
Upper,184,Sugar Maple,2015,4.2,,,,initial
Upper,184,Sugar Maple,2016,4.3125,1.0,4.2,0.026785714285714243,normal
Upper,184,Sugar Maple,2017,4.45,1.0,4.3125,0.03188405797101453,normal
Upper,184,Sugar Maple,2018,4.19,1.0,4.45,-0.05842696629213478,normal
Upper,184,Sugar Maple,2021,4.5,3.0,4.19,0.024661893396976897,annualized
Upper,184,Sugar Maple,2022,4.4,1.0,4.5,-0.022222222222222143,normal
Upper,184,Sugar Maple,2023,4.4,1.0,4.4,0.0,normal
Upper,184,Sugar Maple,2024,4.5,1.0,4.4,0.022727272727272645,normal
Upper,184,Sugar Maple,2025,4.2,1.0,4.5,-0.06666666666666662,normal
Upper,186,Sugar Maple,2015,13.7,,,,initial
Upper,186,Sugar Maple,2016,13.625,1.0,13.7,-0.005474452554744474,normal
Upper,186,Sugar Maple,2017,13.7,1.0,13.625,0.005504587155963251,normal
Upper,186,Sugar Maple,2018,13.38,1.0,13.7,-0.023357664233576533,normal
Upper,186,Sugar Maple,2021,13.9,3.0,13.38,0.012954658694568997,annualized
Upper,186,Sugar Maple,2022,12.48,1.0,13.9,-0.10215827338129496,normal
Upper,186,Sugar Maple,2023,14.23,1.0,12.48,0.14022435897435898,normal
Upper,186,Sugar Maple,2024,14.06,1.0,14.23,-0.011946591707659868,normal
Upper,186,Sugar Maple,2025,13.95,1.0,14.06,-0.007823613086771068,normal
Upper,187,Sugar maple,2015,6.6,,,,initial
Upper,187,Sugar maple,2016,6.7,1.0,6.6,0.015151515151515233,normal
Upper,187,Sugar maple,2017,6.95,1.0,6.7,0.03731343283582089,normal
Upper,187,Sugar maple,2018,7.0,1.0,6.95,0.007194244604316521,normal
Upper,187,Sugar maple,2021,5.98,3.0,7.0,-0.04857142857142855,annualized
Upper,187,Sugar maple,2022,6.0,1.0,5.98,0.003344481605351099,normal
Upper,187,Sugar maple,2023,6.9,1.0,6.0,0.15000000000000005,normal
Upper,187,Sugar maple,2024,7.06,1.0,6.9,0.02318840579710134,normal
Upper,187,Sugar maple,2025,6.97,1.0,7.06,-0.01274787535410763,normal
Upper,188,Sugar maple,2015,17.0,,,,initial
Upper,188,Sugar maple,2016,10.0,1.0,17.0,-0.4117647058823529,normal
Upper,188,Sugar maple,2017,10.0,1.0,10.0,0.0,normal
Upper,188,Sugar maple,2018,10.2,1.0,10.0,0.019999999999999928,normal
Upper,188,Sugar maple,2021,19.67,3.0,10.2,0.30947712418300666,annualized
Upper,188,Sugar maple,2022,9.16,1.0,19.67,-0.534316217590239,normal
Upper,188,Sugar maple,2023,10.3,1.0,9.16,0.12445414847161577,normal
Upper,188,Sugar maple,2024,19.89,1.0,10.3,0.9310679611650484,normal
Upper,188,Sugar maple,2025,19.95,1.0,19.89,0.003016591251885305,normal
Upper,189,Sugar maple,2015,11.0,,,,initial
Upper,189,Sugar maple,2016,11.1,1.0,11.0,0.00909090909090906,normal
Upper,189,Sugar maple,2017,11.14,1.0,11.1,0.003603603603603687,normal
Upper,189,Sugar maple,2018,11.0,1.0,11.14,-0.012567324955116747,normal
Upper,189,Sugar maple,2021,10.33,3.0,11.0,-0.020303030303030302,annualized
Upper,189,Sugar maple,2022,10.16,1.0,10.33,-0.0164569215876089,normal
Upper,189,Sugar maple,2023,11.3,1.0,10.16,0.11220472440944887,normal
Upper,189,Sugar maple,2024,11.21,1.0,11.3,-0.007964601769911492,normal
Upper,189,Sugar maple,2025,11.16,1.0,11.21,-0.004460303300624506,normal
Upper,19,sugar maple,2015,16.2,,,,initial
Upper,19,sugar maple,2016,15.8,1.0,16.2,-0.02469135802469127,normal
Upper,19,sugar maple,2017,15.8,1.0,15.8,0.0,normal
Upper,19,sugar maple,2018,15.8,1.0,15.8,0.0,normal
Upper,19,sugar maple,2021,15.95,3.0,15.8,0.003164556962025286,annualized
Upper,19,sugar maple,2022,18.0,1.0,15.95,0.12852664576802514,normal
Upper,19,sugar maple,2023,15.2,1.0,18.0,-0.15555555555555559,normal
Upper,19,sugar maple,2024,15.91,1.0,15.2,0.04671052631578953,normal
Upper,19,sugar maple,2025,15.8,1.0,15.91,-0.006913890634820832,normal
Upper,191,Sugar Maple,2015,3.6,,,,initial
Upper,191,Sugar Maple,2016,3.6,1.0,3.6,0.0,normal
Upper,191,Sugar Maple,2017,3.8,1.0,3.6,0.05555555555555548,normal
Upper,191,Sugar Maple,2018,3.5,1.0,3.8,-0.07894736842105259,normal
Upper,191,Sugar Maple,2021,3.66,3.0,3.5,0.015238095238095252,annualized
Upper,191,Sugar Maple,2022,3.5,1.0,3.66,-0.043715846994535554,normal
Upper,191,Sugar Maple,2023,3.7,1.0,3.5,0.0571428571428572,normal
Upper,192,Sugar Maple,2015,10.8,,,,initial
Upper,192,Sugar Maple,2016,10.9,1.0,10.8,0.009259259259259226,normal
Upper,192,Sugar Maple,2017,11.1,1.0,10.9,0.018348623853210944,normal
Upper,192,Sugar Maple,2018,11.0,1.0,11.1,-0.009009009009008978,normal
Upper,192,Sugar Maple,2021,11.16,3.0,11.0,0.004848484848484853,annualized
Upper,192,Sugar Maple,2022,11.2,1.0,11.16,0.0035842293906809273,normal
Upper,192,Sugar Maple,2023,11.4,1.0,11.2,0.017857142857142953,normal
Upper,192,Sugar Maple,2024,11.19,1.0,11.4,-0.018421052631579022,normal
Upper,192,Sugar Maple,2025,11.4,1.0,11.19,0.01876675603217166,normal
Upper,193,Sugar maple,2015,10.8,,,,initial
Upper,193,Sugar maple,2016,10.9,1.0,10.8,0.009259259259259226,normal
Upper,193,Sugar maple,2017,10.75,1.0,10.9,-0.013761467889908289,normal
Upper,193,Sugar maple,2018,10.8,1.0,10.75,0.00465116279069774,normal
Upper,193,Sugar maple,2021,10.98,3.0,10.8,0.005555555555555546,annualized
Upper,193,Sugar maple,2022,11.0,1.0,10.98,0.0018214936247722745,normal
Upper,193,Sugar maple,2023,10.8,1.0,11.0,-0.01818181818181812,normal
Upper,193,Sugar maple,2024,11.0,1.0,10.8,0.01851851851851845,normal
Upper,193,Sugar maple,2025,10.9,1.0,11.0,-0.00909090909090906,normal
Upper,194,Sugar maple,2015,10.3,,,,initial
Upper,194,Sugar maple,2016,10.4,1.0,10.3,0.009708737864077634,normal
Upper,194,Sugar maple,2017,10.15,1.0,10.4,-0.024038461538461536,normal
Upper,194,Sugar maple,2018,10.4,1.0,10.15,0.02463054187192118,normal
Upper,194,Sugar maple,2021,10.38,3.0,10.4,-0.0006410256410256273,annualized
Upper,194,Sugar maple,2022,10.8,1.0,10.38,0.04046242774566473,normal
Upper,194,Sugar maple,2023,10.8,1.0,10.8,0.0,normal
Upper,194,Sugar maple,2024,10.4,1.0,10.8,-0.03703703703703707,normal
Upper,194,Sugar maple,2025,10.22,1.0,10.4,-0.01730769230769228,normal
Upper,196,Sugar maple,2015,7.1,,,,initial
Upper,196,Sugar maple,2016,7.1,1.0,7.1,0.0,normal
Upper,196,Sugar maple,2017,7.0,1.0,7.1,-0.014084507042253471,normal
Upper,196,Sugar maple,2018,7.0,1.0,7.0,0.0,normal
Upper,196,Sugar maple,2021,7.14,3.0,7.0,0.0066666666666666515,annualized
Upper,196,Sugar maple,2022,7.1,1.0,7.14,-0.005602240896358549,normal
Upper,196,Sugar maple,2023,7.28,1.0,7.1,0.025352112676056426,normal
Upper,196,Sugar maple,2024,7.2,1.0,7.28,-0.010989010989010999,normal
Upper,196,Sugar maple,2025,7.0,1.0,7.2,-0.0277777777777778,normal
Upper,197,sugar maple,2015,4.1,,,,initial
Upper,197,sugar maple,2016,4.0,1.0,4.1,-0.02439024390243894,normal
Upper,197,sugar maple,2017,4.3,1.0,4.0,0.07499999999999996,normal
Upper,197,sugar maple,2018,3.0,1.0,4.3,-0.3023255813953488,normal
Upper,197,sugar maple,2021,4.03,3.0,3.0,0.11444444444444447,annualized
Upper,197,sugar maple,2022,4.0,1.0,4.03,-0.007444168734491377,normal
Upper,197,sugar maple,2023,3.96,1.0,4.0,-0.010000000000000009,normal
Upper,197,sugar maple,2024,4.1,1.0,3.96,0.035353535353535276,normal
Upper,198,Norway maple,2015,18.19,,,,initial
Upper,198,Norway maple,2016,18.6,1.0,18.19,0.022539857064321062,normal
Upper,198,Norway maple,2017,18.6,1.0,18.6,0.0,normal
Upper,198,Norway maple,2018,17.5,1.0,18.6,-0.05913978494623663,normal
Upper,198,Norway maple,2021,19.44,3.0,17.5,0.03695238095238098,annualized
Upper,198,Norway maple,2022,18.3,1.0,19.44,-0.058641975308642,normal
Upper,198,Norway maple,2023,19.64,1.0,18.3,0.07322404371584698,normal
Upper,198,Norway maple,2024,18.36,1.0,19.64,-0.06517311608961308,normal
Upper,198,Norway maple,2025,19.75,1.0,18.36,0.07570806100217868,normal
Upper,199,sugar maple,2015,2.2,,,,initial
Upper,199,sugar maple,2016,2.2,1.0,2.2,0.0,normal
Upper,199,sugar maple,2017,2.3,1.0,2.2,0.04545454545454529,normal
Upper,199,sugar maple,2018,2.25,1.0,2.3,-0.021739130434782532,normal
Upper,199,sugar maple,2021,2.38,3.0,2.25,0.019259259259259243,annualized
Upper,199,sugar maple,2022,2.3,1.0,2.38,-0.033613445378151294,normal
Upper,199,sugar maple,2023,2.34,1.0,2.3,0.017391304347826105,normal
Upper,199,sugar maple,2024,2.3,1.0,2.34,-0.01709401709401711,normal
Upper,199,sugar maple,2025,2.3,1.0,2.3,0.0,normal
Upper,2,Sugar Maple,2015,7.5,,,,initial
Upper,2,Sugar Maple,2016,7.6,1.0,7.5,0.013333333333333286,normal
Upper,2,Sugar Maple,2017,7.73,1.0,7.6,0.017105263157894842,normal
Upper,2,Sugar Maple,2018,8.25,1.0,7.73,0.06727037516170757,normal
Upper,2,Sugar Maple,2021,7.88,3.0,8.25,-0.014949494949494954,annualized
Upper,2,Sugar Maple,2022,6.52,1.0,7.88,-0.1725888324873097,normal
Upper,2,Sugar Maple,2023,7.9,1.0,6.52,0.21165644171779155,normal
Upper,2,Sugar Maple,2024,8.0,1.0,7.9,0.01265822784810122,normal
Upper,2,Sugar Maple,2025,8.0,1.0,8.0,0.0,normal
Upper,20,Sugar Maple,2015,28.0,,,,initial
Upper,20,Sugar Maple,2016,27.5,1.0,28.0,-0.017857142857142856,normal
Upper,20,Sugar Maple,2017,27.2,1.0,27.5,-0.010909090909090934,normal
Upper,20,Sugar Maple,2018,27.8,1.0,27.2,0.022058823529411818,normal
Upper,20,Sugar Maple,2021,27.5,3.0,27.8,-0.003597122302158282,annualized
Upper,20,Sugar Maple,2022,28.0,1.0,27.5,0.01818181818181818,normal
Upper,20,Sugar Maple,2023,28.2,1.0,28.0,0.0071428571428571175,normal
Upper,20,Sugar Maple,2024,28.0,1.0,28.2,-0.007092198581560258,normal
Upper,20,Sugar Maple,2025,28.23,1.0,28.0,0.00821428571428573,normal
Upper,21,Sugar Maple,2015,9.2,,,,initial
Upper,21,Sugar Maple,2016,9.3,1.0,9.2,0.01086956521739146,normal
Upper,21,Sugar Maple,2017,9.24,1.0,9.3,-0.006451612903225859,normal
Upper,21,Sugar Maple,2018,9.41,1.0,9.24,0.01839826839826839,normal
Upper,21,Sugar Maple,2021,9.25,3.0,9.41,-0.005667729365922782,annualized
Upper,21,Sugar Maple,2022,9.4,1.0,9.25,0.016216216216216255,normal
Upper,21,Sugar Maple,2023,9.3,1.0,9.4,-0.010638297872340387,normal
Upper,21,Sugar Maple,2024,9.44,1.0,9.3,0.015053763440860084,normal
Upper,21,Sugar Maple,2025,9.25,1.0,9.44,-0.020127118644067746,normal
Upper,22,Sugar Maple,2015,3.8,,,,initial
Upper,22,Sugar Maple,2016,3.9,1.0,3.8,0.026315789473684237,normal
Upper,22,Sugar Maple,2017,4.0,1.0,3.9,0.025641025641025664,normal
Upper,22,Sugar Maple,2018,9.1,1.0,4.0,1.275,normal
Upper,22,Sugar Maple,2021,3.87,3.0,9.1,-0.1915750915750916,annualized
Upper,22,Sugar Maple,2022,3.8,1.0,3.87,-0.018087855297157694,normal
Upper,22,Sugar Maple,2023,6.13,1.0,3.8,0.6131578947368421,normal
Upper,22,Sugar Maple,2024,3.73,1.0,6.13,-0.3915171288743882,normal
Upper,23,Sugar Maple,2015,16.0,,,,initial
Upper,23,Sugar Maple,2016,15.8,1.0,16.0,-0.012499999999999956,normal
Upper,23,Sugar Maple,2017,13.8,1.0,15.8,-0.12658227848101264,normal
Upper,23,Sugar Maple,2018,16.0,1.0,13.8,0.1594202898550724,normal
Upper,23,Sugar Maple,2021,15.94,3.0,16.0,-0.0012500000000000104,annualized
Upper,23,Sugar Maple,2022,16.2,1.0,15.94,0.016311166875784176,normal
Upper,23,Sugar Maple,2023,16.1,1.0,16.2,-0.006172839506172708,normal
Upper,23,Sugar Maple,2024,16.1,1.0,16.1,0.0,normal
Upper,23,Sugar Maple,2025,16.1,1.0,16.1,0.0,normal
Upper,24,Sugar Maple,2015,8.0,,,,initial
Upper,24,Sugar Maple,2016,7.9,1.0,8.0,-0.012499999999999956,normal
Upper,24,Sugar Maple,2017,7.94,1.0,7.9,0.005063291139240511,normal
Upper,24,Sugar Maple,2018,7.75,1.0,7.94,-0.02392947103274564,normal
Upper,24,Sugar Maple,2021,7.88,3.0,7.75,0.005591397849462361,annualized
Upper,24,Sugar Maple,2022,7.9,1.0,7.88,0.0025380710659899065,normal
Upper,24,Sugar Maple,2023,7.95,1.0,7.9,0.00632911392405061,normal
Upper,24,Sugar Maple,2024,7.8,1.0,7.95,-0.01886792452830193,normal
Upper,24,Sugar Maple,2025,7.8,1.0,7.8,0.0,normal
Upper,26,sugar maple,2015,13.4,,,,initial
Upper,26,sugar maple,2016,13.3125,1.0,13.4,-0.006529850746268683,normal
Upper,26,sugar maple,2017,13.3,1.0,13.3125,-0.0009389671361501814,normal
Upper,26,sugar maple,2018,13.42,1.0,13.3,0.009022556390977385,normal
Upper,26,sugar maple,2021,13.7,3.0,13.42,0.006954793840039726,annualized
Upper,26,sugar maple,2022,13.8,1.0,13.7,0.007299270072992805,normal
Upper,26,sugar maple,2023,13.19,1.0,13.8,-0.04420289855072472,normal
Upper,26,sugar maple,2024,13.76,1.0,13.19,0.043214556482183496,normal
Upper,26,sugar maple,2025,13.75,1.0,13.76,-0.0007267441860464961,normal
Upper,27,sugar maple,2015,6.4,,,,initial
Upper,27,sugar maple,2016,6.7,1.0,6.4,0.04687499999999997,normal
Upper,27,sugar maple,2017,6.5,1.0,6.7,-0.029850746268656744,normal
Upper,27,sugar maple,2018,6.49,1.0,6.5,-0.0015384615384615057,normal
Upper,27,sugar maple,2021,6.55,3.0,6.49,0.0030816640986132313,annualized
Upper,27,sugar maple,2022,6.6,1.0,6.55,0.007633587786259515,normal
Upper,27,sugar maple,2023,5.98,1.0,6.6,-0.09393939393939382,normal
Upper,27,sugar maple,2024,6.6,1.0,5.98,0.10367892976588615,normal
Upper,27,sugar maple,2025,6.6,1.0,6.6,0.0,normal
Upper,28,Sugar Maple,2015,15.7,,,,initial
Upper,28,Sugar Maple,2016,16.0,1.0,15.7,0.019108280254777118,normal
Upper,28,Sugar Maple,2017,16.15,1.0,16.0,0.009374999999999911,normal
Upper,28,Sugar Maple,2018,16.02,1.0,16.15,-0.00804953560371511,normal
Upper,28,Sugar Maple,2021,16.25,3.0,16.02,0.004785684560965469,annualized
Upper,28,Sugar Maple,2022,16.7,1.0,16.25,0.027692307692307648,normal
Upper,28,Sugar Maple,2023,16.06,1.0,16.7,-0.03832335329341321,normal
Upper,28,Sugar Maple,2024,16.51,1.0,16.06,0.02801992528019943,normal
Upper,28,Sugar Maple,2025,16.7,1.0,16.51,0.011508176862507432,normal
Upper,29,sugar maple,2015,8.0,,,,initial
Upper,29,sugar maple,2016,8.5,1.0,8.0,0.0625,normal
Upper,29,sugar maple,2017,8.35,1.0,8.5,-0.017647058823529453,normal
Upper,29,sugar maple,2018,8.28,1.0,8.35,-0.008383233532934166,normal
Upper,29,sugar maple,2021,8.4,3.0,8.28,0.004830917874396176,annualized
Upper,29,sugar maple,2022,8.3,1.0,8.4,-0.011904761904761862,normal
Upper,29,sugar maple,2023,7.68,1.0,8.3,-0.074698795180723,normal
Upper,29,sugar maple,2024,8.45,1.0,7.68,0.10026041666666662,normal
Upper,29,sugar maple,2025,8.33,1.0,8.45,-0.014201183431952572,normal
Upper,31,Sugar Maple,2015,11.2,,,,initial
Upper,31,Sugar Maple,2016,11.4,1.0,11.2,0.017857142857142953,normal
Upper,31,Sugar Maple,2017,11.38,1.0,11.4,-0.0017543859649122432,normal
Upper,31,Sugar Maple,2018,11.51,1.0,11.38,0.011423550087873375,normal
Upper,31,Sugar Maple,2021,11.55,3.0,11.51,0.001158412974225338,annualized
Upper,31,Sugar Maple,2022,11.6,1.0,11.55,0.004329004329004236,normal
Upper,31,Sugar Maple,2023,11.73,1.0,11.6,0.011206896551724205,normal
Upper,31,Sugar Maple,2024,11.64,1.0,11.73,-0.007672634271099731,normal
Upper,31,Sugar Maple,2025,11.68,1.0,11.64,0.0034364261168384146,normal
Upper,32,Sugar Maple,2015,15.9,,,,initial
Upper,32,Sugar Maple,2016,16.2,1.0,15.9,0.01886792452830182,normal
Upper,32,Sugar Maple,2017,16.15,1.0,16.2,-0.003086419753086464,normal
Upper,32,Sugar Maple,2018,16.31,1.0,16.15,0.009907120743034065,normal
Upper,32,Sugar Maple,2021,16.84,3.0,16.31,0.010831800531371371,annualized
Upper,32,Sugar Maple,2022,17.0,1.0,16.84,0.009501187648456066,normal
Upper,32,Sugar Maple,2023,16.94,1.0,17.0,-0.003529411764705807,normal
Upper,32,Sugar Maple,2024,16.98,1.0,16.94,0.0023612750885477654,normal
Upper,32,Sugar Maple,2025,17.25,1.0,16.98,0.015901060070671352,normal
Upper,33,Sugar Maple,2015,14.2,,,,initial
Upper,33,Sugar Maple,2016,14.6,1.0,14.2,0.028169014084507067,normal
Upper,33,Sugar Maple,2017,14.8,1.0,14.6,0.013698630136986375,normal
Upper,33,Sugar Maple,2018,14.96,1.0,14.8,0.01081081081081082,normal
Upper,33,Sugar Maple,2021,15.16,3.0,14.96,0.004456327985739734,annualized
Upper,33,Sugar Maple,2022,15.8,1.0,15.16,0.04221635883905017,normal
Upper,33,Sugar Maple,2023,15.61,1.0,15.8,-0.012025316455696282,normal
Upper,33,Sugar Maple,2024,15.62,1.0,15.61,0.0006406149903907616,normal
Upper,33,Sugar Maple,2025,15.65,1.0,15.62,0.0019206145966710075,normal
Upper,34,Sugar Maple,2015,2.0,,,,initial
Upper,34,Sugar Maple,2016,2.2,1.0,2.0,0.10000000000000009,normal
Upper,34,Sugar Maple,2017,2.2,1.0,2.2,0.0,normal
Upper,34,Sugar Maple,2018,2.06,1.0,2.2,-0.06363636363636369,normal
Upper,34,Sugar Maple,2021,2.09,3.0,2.06,0.004854368932038803,annualized
Upper,34,Sugar Maple,2022,2.1,1.0,2.09,0.004784688995215422,normal
Upper,34,Sugar Maple,2023,2.24,1.0,2.1,0.06666666666666672,normal
Upper,34,Sugar Maple,2024,2.15,1.0,2.24,-0.040178571428571556,normal
Upper,34,Sugar Maple,2025,2.0,1.0,2.15,-0.06976744186046507,normal
Upper,35,Sugar Maple,2015,7.5,,,,initial
Upper,35,Sugar Maple,2016,7.5,1.0,7.5,0.0,normal
Upper,35,Sugar Maple,2017,7.7,1.0,7.5,0.02666666666666669,normal
Upper,35,Sugar Maple,2018,7.72,1.0,7.7,0.002597402597402542,normal
Upper,35,Sugar Maple,2021,7.7,3.0,7.72,-0.0008635578583764929,annualized
Upper,35,Sugar Maple,2022,6.4,1.0,7.7,-0.1688311688311688,normal
Upper,35,Sugar Maple,2023,7.6,1.0,6.4,0.1874999999999999,normal
Upper,35,Sugar Maple,2024,7.59,1.0,7.6,-0.0013157894736841825,normal
Upper,35,Sugar Maple,2025,7.5,1.0,7.59,-0.011857707509881405,normal
Upper,38,Sugar Maple,2015,12.2,,,,initial
Upper,38,Sugar Maple,2016,12.9,1.0,12.2,0.05737704918032796,normal
Upper,38,Sugar Maple,2017,12.53,1.0,12.9,-0.028682170542635735,normal
Upper,38,Sugar Maple,2018,12.46,1.0,12.53,-0.005586592178770831,normal
Upper,38,Sugar Maple,2021,13.56,3.0,12.46,0.029427501337613685,annualized
Upper,38,Sugar Maple,2022,13.0,1.0,13.56,-0.04129793510324487,normal
Upper,38,Sugar Maple,2023,14.13,1.0,13.0,0.08692307692307698,normal
Upper,38,Sugar Maple,2024,13.55,1.0,14.13,-0.04104741684359519,normal
Upper,38,Sugar Maple,2025,14.0,1.0,13.55,0.03321033210332098,normal
Upper,39,Sugar Maple,2015,2.0,,,,initial
Upper,39,Sugar Maple,2016,2.2,1.0,2.0,0.10000000000000009,normal
Upper,39,Sugar Maple,2017,2.1,1.0,2.2,-0.04545454545454549,normal
Upper,39,Sugar Maple,2018,2.1,1.0,2.1,0.0,normal
Upper,39,Sugar Maple,2021,1.02,3.0,2.1,-0.17142857142857143,annualized
Upper,39,Sugar Maple,2022,1.0,1.0,1.02,-0.01960784313725492,normal
Upper,39,Sugar Maple,2023,2.31,1.0,1.0,1.31,normal
Upper,39,Sugar Maple,2024,2.33,1.0,2.31,0.008658008658008665,normal
Upper,39,Sugar Maple,2025,2.5,1.0,2.33,0.0729613733905579,normal
Upper,40,Sugar Maple,2015,15.4,,,,initial
Upper,40,Sugar Maple,2016,15.9,1.0,15.4,0.032467532467532464,normal
Upper,40,Sugar Maple,2017,16.0,1.0,15.9,0.006289308176100607,normal
Upper,40,Sugar Maple,2018,16.45,1.0,16.0,0.028124999999999956,normal
Upper,40,Sugar Maple,2021,16.0,3.0,16.45,-0.009118541033434638,annualized
Upper,40,Sugar Maple,2022,15.6,1.0,16.0,-0.025000000000000022,normal
Upper,40,Sugar Maple,2023,16.94,1.0,15.6,0.08589743589743601,normal
Upper,40,Sugar Maple,2024,16.96,1.0,16.94,0.0011806375442738827,normal
Upper,40,Sugar Maple,2025,17.0,1.0,16.96,0.0023584905660376855,normal
Upper,404,Sugar Maple ,2021,3.8,,,,initial
Upper,404,Sugar Maple ,2022,3.8,1.0,3.8,0.0,normal
Upper,404,Sugar Maple ,2023,3.85,1.0,3.8,0.013157894736842176,normal
Upper,404,Sugar Maple ,2024,3.81,1.0,3.85,-0.010389610389610398,normal
Upper,404,Sugar Maple ,2025,3.83,1.0,3.81,0.005249343832021002,normal
Upper,41,Sugar Maple,2015,1.9,,,,initial
Upper,41,Sugar Maple,2016,2.0,1.0,1.9,0.052631578947368474,normal
Upper,41,Sugar Maple,2017,2.3,1.0,2.0,0.1499999999999999,normal
Upper,41,Sugar Maple,2018,2.17,1.0,2.3,-0.05652173913043474,normal
Upper,41,Sugar Maple,2021,2.25,3.0,2.17,0.012288786482334882,annualized
Upper,41,Sugar Maple,2022,1.16,1.0,2.25,-0.48444444444444446,normal
Upper,41,Sugar Maple,2023,2.38,1.0,1.16,1.0517241379310345,normal
Upper,41,Sugar Maple,2024,1.4,1.0,2.38,-0.411764705882353,normal
Upper,41,Sugar Maple,2025,2.5,1.0,1.4,0.7857142857142858,normal
Upper,44,Sugar Maple,2015,17.2,,,,initial
Upper,44,Sugar Maple,2016,17.4,1.0,17.2,0.011627906976744146,normal
Upper,44,Sugar Maple,2017,17.3,1.0,17.4,-0.005747126436781487,normal
Upper,44,Sugar Maple,2018,17.58,1.0,17.3,0.016184971098265756,normal
Upper,44,Sugar Maple,2021,17.75,3.0,17.58,0.0032233598786500137,annualized
Upper,44,Sugar Maple,2022,17.0,1.0,17.75,-0.04225352112676056,normal
Upper,44,Sugar Maple,2023,18.06,1.0,17.0,0.062352941176470514,normal
Upper,44,Sugar Maple,2024,17.1,1.0,18.06,-0.05315614617940185,normal
Upper,44,Sugar Maple,2025,18.5,1.0,17.1,0.08187134502923968,normal
Upper,45,Norway Maple,2015,2.1,,,,initial
Upper,45,Norway Maple,2016,2.2,1.0,2.1,0.04761904761904766,normal
Upper,45,Norway Maple,2017,2.17,1.0,2.2,-0.013636363636363748,normal
Upper,45,Norway Maple,2018,2.2,1.0,2.17,0.013824884792626843,normal
Upper,45,Norway Maple,2021,2.31,3.0,2.2,0.016666666666666646,annualized
Upper,45,Norway Maple,2022,2.4,1.0,2.31,0.0389610389610389,normal
Upper,45,Norway Maple,2023,2.35,1.0,2.4,-0.02083333333333326,normal
Upper,45,Norway Maple,2024,2.6,1.0,2.35,0.10638297872340426,normal
Upper,45,Norway Maple,2025,2.8,1.0,2.6,0.07692307692307682,normal
Upper,451,Sugar Maple,2015,12.9,,,,initial
Upper,451,Sugar Maple,2016,13.0,1.0,12.9,0.007751937984496096,normal
Upper,451,Sugar Maple,2017,13.15,1.0,13.0,0.011538461538461565,normal
Upper,451,Sugar Maple,2018,13.25,1.0,13.15,0.007604562737642559,normal
Upper,451,Sugar Maple,2021,13.6,3.0,13.25,0.008805031446540872,annualized
Upper,451,Sugar Maple,2022,13.5,1.0,13.6,-0.007352941176470562,normal
Upper,451,Sugar Maple,2023,13.75,1.0,13.5,0.018518518518518517,normal
Upper,451,Sugar Maple,2024,13.65,1.0,13.75,-0.007272727272727247,normal
Upper,451,Sugar Maple,2025,13.75,1.0,13.65,0.0073260073260073,normal
Upper,452,Sugar Maple,2015,6.2,,,,initial
Upper,452,Sugar Maple,2016,6.4,1.0,6.2,0.03225806451612906,normal
Upper,452,Sugar Maple,2017,6.3,1.0,6.4,-0.015625000000000083,normal
Upper,452,Sugar Maple,2018,6.35,1.0,6.3,0.007936507936507908,normal
Upper,452,Sugar Maple,2021,6.31,3.0,6.35,-0.002099737532808401,annualized
Upper,452,Sugar Maple,2022,6.75,1.0,6.31,0.06973058637084001,normal
Upper,452,Sugar Maple,2023,6.8,1.0,6.75,0.007407407407407381,normal
Upper,452,Sugar Maple,2024,6.4,1.0,6.8,-0.05882352941176463,normal
Upper,452,Sugar Maple,2025,6.4,1.0,6.4,0.0,normal
Upper,454,Sugar Maple,2015,3.7,,,,initial
Upper,454,Sugar Maple,2016,3.6,1.0,3.7,-0.02702702702702705,normal
Upper,454,Sugar Maple,2017,7.0,1.0,3.6,0.9444444444444444,normal
Upper,454,Sugar Maple,2018,6.75,1.0,7.0,-0.03571428571428571,normal
Upper,454,Sugar Maple,2021,7.0,3.0,6.75,0.012345679012345678,annualized
Upper,454,Sugar Maple,2022,6.9,1.0,7.0,-0.014285714285714235,normal
Upper,454,Sugar Maple,2023,6.81,1.0,6.9,-0.013043478260869672,normal
Upper,454,Sugar Maple,2024,6.75,1.0,6.81,-0.008810572687224613,normal
Upper,454,Sugar Maple,2025,6.8,1.0,6.75,0.007407407407407381,normal
Upper,455,Sugar Maple,2015,14.3,,,,initial
Upper,455,Sugar Maple,2016,14.7,1.0,14.3,0.02797202797202787,normal
Upper,455,Sugar Maple,2017,14.45,1.0,14.7,-0.017006802721088437,normal
Upper,455,Sugar Maple,2018,14.47,1.0,14.45,0.0013840830449827924,normal
Upper,455,Sugar Maple,2021,14.69,3.0,14.47,0.005067956692006424,annualized
Upper,455,Sugar Maple,2022,15.2,1.0,14.69,0.03471749489448603,normal
Upper,455,Sugar Maple,2023,14.9,1.0,15.2,-0.019736842105263087,normal
Upper,455,Sugar Maple,2024,14.88,1.0,14.9,-0.0013422818791946022,normal
Upper,455,Sugar Maple,2025,14.8,1.0,14.88,-0.00537634408602151,normal
Upper,456,Sugar Maple,2015,1.3,,,,initial
Upper,456,Sugar Maple,2016,1.4,1.0,1.3,0.07692307692307682,normal
Upper,456,Sugar Maple,2017,2.32,1.0,1.4,0.6571428571428571,normal
Upper,456,Sugar Maple,2018,2.22,1.0,2.32,-0.04310344827586192,normal
Upper,456,Sugar Maple,2021,2.25,3.0,2.22,0.004504504504504475,annualized
Upper,456,Sugar Maple,2022,2.19,1.0,2.25,-0.02666666666666669,normal
Upper,456,Sugar Maple,2023,2.34,1.0,2.19,0.06849315068493146,normal
Upper,456,Sugar Maple,2024,2.25,1.0,2.34,-0.0384615384615384,normal
Upper,456,Sugar Maple,2025,2.4,1.0,2.25,0.06666666666666662,normal
Upper,460,Sugar Maple,2015,2.2,,,,initial
Upper,460,Sugar Maple,2016,2.2,1.0,2.2,0.0,normal
Upper,460,Sugar Maple,2017,2.25,1.0,2.2,0.022727272727272645,normal
Upper,460,Sugar Maple,2018,2.0,1.0,2.25,-0.1111111111111111,normal
Upper,460,Sugar Maple,2021,2.25,3.0,2.0,0.041666666666666664,annualized
Upper,460,Sugar Maple,2022,2.2,1.0,2.25,-0.022222222222222143,normal
Upper,460,Sugar Maple,2023,2.4,1.0,2.2,0.09090909090909079,normal
Upper,460,Sugar Maple,2024,2.23,1.0,2.4,-0.0708333333333333,normal
Upper,460,Sugar Maple,2025,2.2,1.0,2.23,-0.01345291479820619,normal
Upper,461,Sugar maple,2015,6.6,,,,initial
Upper,461,Sugar maple,2016,9.0,1.0,6.6,0.3636363636363637,normal
Upper,461,Sugar maple,2017,9.7,1.0,9.0,0.0777777777777777,normal
Upper,461,Sugar maple,2018,9.75,1.0,9.7,0.005154639175257806,normal
Upper,461,Sugar maple,2021,9.77,3.0,9.75,0.0006837606837606692,annualized
Upper,461,Sugar maple,2022,9.8,1.0,9.77,0.003070624360286708,normal
Upper,461,Sugar maple,2023,9.83,1.0,9.8,0.0030612244897958527,normal
Upper,461,Sugar maple,2024,9.8,1.0,9.83,-0.003051881993896171,normal
Upper,461,Sugar maple,2025,9.85,1.0,9.8,0.005102040816326422,normal
Upper,462,sugar maple,2015,2.1,,,,initial
Upper,462,sugar maple,2016,2.2,1.0,2.1,0.04761904761904766,normal
Upper,462,sugar maple,2017,3.7,1.0,2.2,0.6818181818181818,normal
Upper,462,sugar maple,2018,3.75,1.0,3.7,0.013513513513513466,normal
Upper,462,sugar maple,2021,3.81,3.0,3.75,0.005333333333333338,annualized
Upper,462,sugar maple,2022,2.97,1.0,3.81,-0.22047244094488186,normal
Upper,462,sugar maple,2023,3.75,1.0,2.97,0.26262626262626254,normal
Upper,462,sugar maple,2024,3.6,1.0,3.75,-0.03999999999999997,normal
Upper,462,sugar maple,2025,3.7,1.0,3.6,0.0277777777777778,normal
Upper,463,Sugar Maple,2015,9.4,,,,initial
Upper,463,Sugar Maple,2016,9.7,1.0,9.4,0.03191489361702116,normal
Upper,463,Sugar Maple,2017,13.9,1.0,9.7,0.4329896907216496,normal
Upper,463,Sugar Maple,2018,13.88,1.0,13.9,-0.0014388489208632786,normal
Upper,463,Sugar Maple,2021,14.19,3.0,13.88,0.007444764649375569,annualized
Upper,463,Sugar Maple,2022,14.4,1.0,14.19,0.014799154334038115,normal
Upper,463,Sugar Maple,2023,14.4,1.0,14.4,0.0,normal
Upper,463,Sugar Maple,2024,14.6,1.0,14.4,0.01388888888888884,normal
Upper,463,Sugar Maple,2025,14.6,1.0,14.6,0.0,normal
Upper,465,Sugar Maple,2015,11.25,,,,initial
Upper,465,Sugar Maple,2016,11.3,1.0,11.25,0.004444444444444508,normal
Upper,465,Sugar Maple,2017,14.2,1.0,11.3,0.25663716814159276,normal
Upper,465,Sugar Maple,2018,14.26,1.0,14.2,0.0042253521126760915,normal
Upper,465,Sugar Maple,2021,16.78,3.0,14.26,0.058906030855540005,annualized
Upper,465,Sugar Maple,2022,13.16,1.0,16.78,-0.21573301549463653,normal
Upper,465,Sugar Maple,2023,14.63,1.0,13.16,0.11170212765957452,normal
Upper,465,Sugar Maple,2024,14.57,1.0,14.63,-0.004101161995898872,normal
Upper,465,Sugar Maple,2025,14.75,1.0,14.57,0.012354152367879184,normal
Upper,47,Sugar Maple,2015,12.2,,,,initial
Upper,47,Sugar Maple,2016,12.5,1.0,12.2,0.024590163934426288,normal
Upper,47,Sugar Maple,2017,12.5,1.0,12.5,0.0,normal
Upper,47,Sugar Maple,2018,12.49,1.0,12.5,-0.0007999999999999829,normal
Upper,47,Sugar Maple,2021,13.0,3.0,12.49,0.01361088871096877,annualized
Upper,47,Sugar Maple,2022,13.1,1.0,13.0,0.007692307692307665,normal
Upper,47,Sugar Maple,2023,12.76,1.0,13.1,-0.025954198473282432,normal
Upper,47,Sugar Maple,2024,13.3,1.0,12.76,0.042319749216301016,normal
Upper,47,Sugar Maple,2025,13.7,1.0,13.3,0.030075187969924703,normal
Upper,473,Sugar Maple,2024,2.9,,,,initial
Upper,473,Sugar Maple,2025,3.0,1.0,2.9,0.03448275862068969,normal
Upper,475 (6),Sugar Maple,2015,4.8,,,,initial
Upper,475 (6),Sugar Maple,2016,5.0,1.0,4.8,0.041666666666666706,normal
Upper,475 (6),Sugar Maple,2017,5.0,1.0,5.0,0.0,normal
Upper,475 (6),Sugar Maple,2018,5.0,1.0,5.0,0.0,normal
Upper,475 (6),Sugar Maple,2021,5.05,3.0,5.0,0.0033333333333333214,annualized
Upper,475 (6),Sugar Maple,2022,5.1,1.0,5.05,0.009900990099009866,normal
Upper,475 (6),Sugar Maple,2023,5.01,1.0,5.1,-0.017647058823529384,normal
Upper,475 (6),Sugar Maple,2024,5.02,1.0,5.01,0.0019960079840318935,normal
Upper,475 (6),Sugar Maple,2025,4.95,1.0,5.02,-0.013944223107569601,normal
Upper,478,Sugar Maple,2015,13.7,,,,initial
Upper,478,Sugar Maple,2016,13.9375,1.0,13.7,0.017335766423357716,normal
Upper,478,Sugar Maple,2017,15.66,1.0,13.9375,0.12358744394618836,normal
Upper,478,Sugar Maple,2018,15.8,1.0,15.66,0.008939974457215873,normal
Upper,478,Sugar Maple,2021,6.0,3.0,15.8,-0.20675105485232068,annualized
Upper,478,Sugar Maple,2022,5.0,1.0,6.0,-0.16666666666666666,normal
Upper,478,Sugar Maple,2023,6.0,1.0,5.0,0.2,normal
Upper,478,Sugar Maple,2024,5.3,1.0,6.0,-0.1166666666666667,normal
Upper,478,Sugar Maple,2025,6.0,1.0,5.3,0.13207547169811323,normal
Upper,48,Sugar Maple,2015,8.2,,,,initial
Upper,48,Sugar Maple,2016,18.7,1.0,8.2,1.2804878048780488,normal
Upper,48,Sugar Maple,2017,19.3,1.0,18.7,0.03208556149732628,normal
Upper,48,Sugar Maple,2018,19.0,1.0,19.3,-0.015544041450777238,normal
Upper,48,Sugar Maple,2021,8.19,3.0,19.0,-0.18964912280701754,annualized
Upper,48,Sugar Maple,2022,8.6,1.0,8.19,0.050061050061050084,normal
Upper,48,Sugar Maple,2023,8.5,1.0,8.6,-0.011627906976744146,normal
Upper,48,Sugar Maple,2024,8.6,1.0,8.5,0.0117647058823529,normal
Upper,48,Sugar Maple,2025,8.6,1.0,8.6,0.0,normal
Upper,480 (200),sugar maple,2015,5.3,,,,initial
Upper,480 (200),sugar maple,2016,5.5,1.0,5.3,0.03773584905660381,normal
Upper,480 (200),sugar maple,2017,5.35,1.0,5.5,-0.027272727272727337,normal
Upper,480 (200),sugar maple,2018,5.5,1.0,5.35,0.028037383177570162,normal
Upper,480 (200),sugar maple,2021,5.44,3.0,5.5,-0.0036363636363636125,annualized
Upper,480 (200),sugar maple,2022,5.5,1.0,5.44,0.01102941176470581,normal
Upper,480 (200),sugar maple,2023,6.0,1.0,5.5,0.09090909090909091,normal
Upper,480 (200),sugar maple,2024,10.63,1.0,6.0,0.7716666666666668,normal
Upper,480 (200),sugar maple,2025,10.75,1.0,10.63,0.011288805268109051,normal
Upper,49,Sugar Maple,2015,12.4,,,,initial
Upper,49,Sugar Maple,2016,23.5,1.0,12.4,0.8951612903225806,normal
Upper,49,Sugar Maple,2017,24.15,1.0,23.5,0.027659574468085046,normal
Upper,49,Sugar Maple,2018,23.9,1.0,24.15,-0.010351966873706004,normal
Upper,49,Sugar Maple,2021,12.81,3.0,23.9,-0.15467224546722455,annualized
Upper,49,Sugar Maple,2022,24.13,1.0,12.81,0.8836846213895393,normal
Upper,49,Sugar Maple,2023,24.1,1.0,24.13,-0.0012432656444259257,normal
Upper,49,Sugar Maple,2024,13.2,1.0,24.1,-0.4522821576763486,normal
Upper,49,Sugar Maple,2025,24.6,1.0,13.2,0.8636363636363639,normal
Upper,5,Sugar Maple,2015,12.8,,,,initial
Upper,5,Sugar Maple,2016,13.5,1.0,12.8,0.054687499999999944,normal
Upper,5,Sugar Maple,2017,13.35,1.0,13.5,-0.011111111111111138,normal
Upper,5,Sugar Maple,2018,13.5,1.0,13.35,0.011235955056179803,normal
Upper,5,Sugar Maple,2021,13.77,3.0,13.5,0.006666666666666656,annualized
Upper,5,Sugar Maple,2022,13.9,1.0,13.77,0.009440813362382047,normal
Upper,5,Sugar Maple,2023,13.94,1.0,13.9,0.002877697841726557,normal
Upper,5,Sugar Maple,2024,13.82,1.0,13.94,-0.008608321377331364,normal
Upper,5,Sugar Maple,2025,14.8,1.0,13.82,0.07091172214182348,normal
Upper,50,Sugar Maple,2015,11.6,,,,initial
Upper,50,Sugar Maple,2016,11.6,1.0,11.6,0.0,normal
Upper,50,Sugar Maple,2017,11.5,1.0,11.6,-0.008620689655172384,normal
Upper,50,Sugar Maple,2018,11.7,1.0,11.5,0.017391304347826025,normal
Upper,50,Sugar Maple,2021,11.69,3.0,11.7,-0.00028490028490027886,annualized
Upper,50,Sugar Maple,2022,14.1,1.0,11.69,0.20615911035072715,normal
Upper,50,Sugar Maple,2023,14.1,1.0,14.1,0.0,normal
Upper,50,Sugar Maple,2024,11.81,1.0,14.1,-0.16241134751773045,normal
Upper,50,Sugar Maple,2025,11.7,1.0,11.81,-0.009314140558848535,normal
Upper,501,Sugar Maple,2021,10.94,,,,initial
Upper,501,Sugar Maple,2022,11.4,1.0,10.94,0.042047531992687466,normal
Upper,501,Sugar Maple,2023,11.4,1.0,11.4,0.0,normal
Upper,501,Sugar Maple,2024,11.2,1.0,11.4,-0.0175438596491229,normal
Upper,501,Sugar Maple,2025,11.2,1.0,11.2,0.0,normal
Upper,502,Sugar Maple,2015,8.5,,,,initial
Upper,502,Sugar Maple,2016,8.625,1.0,8.5,0.014705882352941176,normal
Upper,502,Sugar Maple,2017,8.56,1.0,8.625,-0.007536231884057914,normal
Upper,502,Sugar Maple,2018,8.63,1.0,8.56,0.008177570093457976,normal
Upper,502,Sugar Maple,2021,8.8,3.0,8.63,0.006566241792197757,annualized
Upper,502,Sugar Maple,2022,8.9,1.0,8.8,0.011363636363636322,normal
Upper,502,Sugar Maple,2023,8.9,1.0,8.9,0.0,normal
Upper,502,Sugar Maple,2024,8.84,1.0,8.9,-0.006741573033707921,normal
Upper,502,Sugar Maple,2025,9.0,1.0,8.84,0.018099547511312233,normal
Upper,52,Sugar Maple,2015,15.8,,,,initial
Upper,52,Sugar Maple,2016,16.1,1.0,15.8,0.018987341772151944,normal
Upper,52,Sugar Maple,2017,16.63,1.0,16.1,0.03291925465838494,normal
Upper,52,Sugar Maple,2018,16.2,1.0,16.63,-0.025856885147324097,normal
Upper,52,Sugar Maple,2021,17.1,3.0,16.2,0.018518518518518566,annualized
Upper,52,Sugar Maple,2022,17.5,1.0,17.1,0.02339181286549699,normal
Upper,52,Sugar Maple,2023,16.89,1.0,17.5,-0.03485714285714282,normal
Upper,52,Sugar Maple,2024,17.67,1.0,16.89,0.04618117229129669,normal
Upper,52,Sugar Maple,2025,18.0,1.0,17.67,0.018675721561969342,normal
Upper,53,Sugar Maple,2015,9.1,,,,initial
Upper,53,Sugar Maple,2016,9.0,1.0,9.1,-0.01098901098901095,normal
Upper,53,Sugar Maple,2017,9.3,1.0,9.0,0.03333333333333341,normal
Upper,53,Sugar Maple,2018,8.98,1.0,9.3,-0.03440860215053766,normal
Upper,53,Sugar Maple,2021,9.0,3.0,8.98,0.0007423904974016174,annualized
Upper,53,Sugar Maple,2022,9.2,1.0,9.0,0.022222222222222143,normal
Upper,53,Sugar Maple,2023,8.58,1.0,9.2,-0.067391304347826,normal
Upper,53,Sugar Maple,2024,9.32,1.0,8.58,0.08624708624708627,normal
Upper,53,Sugar Maple,2025,12.1,1.0,9.32,0.29828326180257503,normal
Upper,54,Sugar Maple,2015,11.6,,,,initial
Upper,54,Sugar Maple,2016,11.3,1.0,11.6,-0.02586206896551715,normal
Upper,54,Sugar Maple,2017,11.8,1.0,11.3,0.04424778761061947,normal
Upper,54,Sugar Maple,2018,11.49,1.0,11.8,-0.026271186440678006,normal
Upper,54,Sugar Maple,2021,11.5,3.0,11.49,0.00029010733971568864,annualized
Upper,54,Sugar Maple,2022,10.5,1.0,11.5,-0.08695652173913043,normal
Upper,54,Sugar Maple,2023,11.85,1.0,10.5,0.12857142857142853,normal
Upper,54,Sugar Maple,2024,11.52,1.0,11.85,-0.02784810126582279,normal
Upper,54,Sugar Maple,2025,11.5,1.0,11.52,-0.0017361111111110742,normal
Upper,55,Sugar Maple,2015,19.7,,,,initial
Upper,55,Sugar Maple,2016,19.6,1.0,19.7,-0.0050761421319795875,normal
Upper,55,Sugar Maple,2017,19.8,1.0,19.6,0.010204081632653024,normal
Upper,55,Sugar Maple,2018,20.15,1.0,19.8,0.01767676767676757,normal
Upper,55,Sugar Maple,2021,21.4,3.0,20.15,0.0206782464846981,annualized
Upper,55,Sugar Maple,2022,20.4,1.0,21.4,-0.04672897196261683,normal
Upper,55,Sugar Maple,2023,20.9,1.0,20.4,0.02450980392156863,normal
Upper,55,Sugar Maple,2024,20.66,1.0,20.9,-0.011483253588516672,normal
Upper,55,Sugar Maple,2025,21.4,1.0,20.66,0.03581800580832519,normal
Upper,56,Norway Maple,2015,2.1,,,,initial
Upper,56,Norway Maple,2016,2.2,1.0,2.1,0.04761904761904766,normal
Upper,56,Norway Maple,2017,2.2,1.0,2.2,0.0,normal
Upper,56,Norway Maple,2018,2.29,1.0,2.2,0.04090909090909084,normal
Upper,56,Norway Maple,2021,1.7,3.0,2.29,-0.08588064046579331,annualized
Upper,56,Norway Maple,2022,2.5,1.0,1.7,0.4705882352941177,normal
Upper,56,Norway Maple,2023,2.63,1.0,2.5,0.051999999999999956,normal
Upper,56,Norway Maple,2024,2.65,1.0,2.63,0.0076045627376425924,normal
Upper,56,Norway Maple,2025,3.0,1.0,2.65,0.13207547169811323,normal
Upper,57,Sugar Maple,2015,3.0,,,,initial
Upper,57,Sugar Maple,2016,3.0,1.0,3.0,0.0,normal
Upper,57,Sugar Maple,2017,3.0,1.0,3.0,0.0,normal
Upper,57,Sugar Maple,2018,3.02,1.0,3.0,0.006666666666666672,normal
Upper,57,Sugar Maple,2021,3.06,3.0,3.02,0.004415011037527597,annualized
Upper,57,Sugar Maple,2022,2.2,1.0,3.06,-0.2810457516339869,normal
Upper,57,Sugar Maple,2023,3.0,1.0,2.2,0.36363636363636354,normal
Upper,57,Sugar Maple,2024,3.05,1.0,3.0,0.016666666666666607,normal
Upper,57,Sugar Maple,2025,3.0,1.0,3.05,-0.01639344262295076,normal
Upper,58,Sugar Maple,2015,17.1,,,,initial
Upper,58,Sugar Maple,2016,17.3,1.0,17.1,0.011695906432748496,normal
Upper,58,Sugar Maple,2017,17.55,1.0,17.3,0.014450867052023121,normal
Upper,58,Sugar Maple,2018,17.5,1.0,17.55,-0.0028490028490028895,normal
Upper,58,Sugar Maple,2021,17.9,3.0,17.5,0.007619047619047592,annualized
Upper,58,Sugar Maple,2022,18.1,1.0,17.9,0.01117318435754206,normal
Upper,58,Sugar Maple,2023,18.13,1.0,18.1,0.001657458563535778,normal
Upper,58,Sugar Maple,2024,18.16,1.0,18.13,0.001654715940430289,normal
Upper,58,Sugar Maple,2025,18.2,1.0,18.16,0.0022026431718061203,normal
Upper,62,Sugar Maple,2015,5.1,,,,initial
Upper,62,Sugar Maple,2016,5.6,1.0,5.1,0.09803921568627452,normal
Upper,62,Sugar Maple,2017,5.31,1.0,5.6,-0.051785714285714296,normal
Upper,62,Sugar Maple,2018,5.25,1.0,5.31,-0.011299435028248515,normal
Upper,62,Sugar Maple,2021,5.38,3.0,5.25,0.008253968253968248,annualized
Upper,62,Sugar Maple,2022,4.79,1.0,5.38,-0.10966542750929366,normal
Upper,62,Sugar Maple,2023,5.25,1.0,4.79,0.09603340292275574,normal
Upper,62,Sugar Maple,2024,5.45,1.0,5.25,0.038095238095238126,normal
Upper,62,Sugar Maple,2025,5.5,1.0,5.45,0.009174311926605472,normal
Upper,63,Sugar Maple,2015,13.2,,,,initial
Upper,63,Sugar Maple,2016,13.9,1.0,13.2,0.053030303030303115,normal
Upper,63,Sugar Maple,2017,13.56,1.0,13.9,-0.02446043165467625,normal
Upper,63,Sugar Maple,2018,13.91,1.0,13.56,0.025811209439527995,normal
Upper,63,Sugar Maple,2021,14.31,3.0,13.91,0.009585430146177817,annualized
Upper,63,Sugar Maple,2022,13.0,1.0,14.31,-0.09154437456324252,normal
Upper,63,Sugar Maple,2023,14.52,1.0,13.0,0.1169230769230769,normal
Upper,63,Sugar Maple,2024,14.64,1.0,14.52,0.008264462809917425,normal
Upper,63,Sugar Maple,2025,15.0,1.0,14.64,0.02459016393442619,normal
Upper,65,Sugar Maple,2015,4.0,,,,initial
Upper,65,Sugar Maple,2016,4.2,1.0,4.0,0.050000000000000044,normal
Upper,65,Sugar Maple,2017,4.2,1.0,4.2,0.0,normal
Upper,65,Sugar Maple,2018,4.23,1.0,4.2,0.007142857142857202,normal
Upper,65,Sugar Maple,2021,3.04,3.0,4.23,-0.09377462568951933,annualized
Upper,65,Sugar Maple,2022,2.4,1.0,3.04,-0.21052631578947373,normal
Upper,65,Sugar Maple,2023,4.5,1.0,2.4,0.8750000000000001,normal
Upper,65,Sugar Maple,2024,4.5,1.0,4.5,0.0,normal
Upper,65,Sugar Maple,2025,4.5,1.0,4.5,0.0,normal
Upper,66,Sugar Maple,2015,2.3,,,,initial
Upper,66,Sugar Maple,2016,2.51,1.0,2.3,0.09130434782608694,normal
Upper,66,Sugar Maple,2017,2.56,1.0,2.51,0.01992031872509971,normal
Upper,66,Sugar Maple,2018,2.13,1.0,2.56,-0.16796875000000006,normal
Upper,66,Sugar Maple,2021,2.63,3.0,2.13,0.0782472613458529,annualized
Upper,66,Sugar Maple,2022,2.0,1.0,2.63,-0.2395437262357414,normal
Upper,66,Sugar Maple,2023,2.88,1.0,2.0,0.43999999999999995,normal
Upper,66,Sugar Maple,2024,2.4,1.0,2.88,-0.16666666666666666,normal
Upper,66,Sugar Maple,2025,3.0,1.0,2.4,0.25000000000000006,normal
Upper,67,Norway Maple,2015,2.1,,,,initial
Upper,67,Norway Maple,2016,2.2,1.0,2.1,0.04761904761904766,normal
Upper,67,Norway Maple,2017,2.13,1.0,2.2,-0.03181818181818195,normal
Upper,67,Norway Maple,2018,2.2,1.0,2.13,0.03286384976525835,normal
Upper,67,Norway Maple,2021,1.7,3.0,2.2,-0.07575757575757579,annualized
Upper,67,Norway Maple,2022,1.53,1.0,1.7,-0.09999999999999996,normal
Upper,67,Norway Maple,2023,2.36,1.0,1.53,0.5424836601307188,normal
Upper,68,Norway Maple,2015,4.4,,,,initial
Upper,68,Norway Maple,2016,4.5,1.0,4.4,0.022727272727272645,normal
Upper,68,Norway Maple,2017,4.45,1.0,4.5,-0.011111111111111072,normal
Upper,68,Norway Maple,2018,4.45,1.0,4.45,0.0,normal
Upper,68,Norway Maple,2021,4.5,3.0,4.45,0.0037453183520599113,annualized
Upper,68,Norway Maple,2022,4.11,1.0,4.5,-0.0866666666666666,normal
Upper,68,Norway Maple,2023,4.72,1.0,4.11,0.14841849148418476,normal
Upper,68,Norway Maple,2024,4.75,1.0,4.72,0.006355932203389884,normal
Upper,68,Norway Maple,2025,5.0,1.0,4.75,0.05263157894736842,normal
Upper,69,Sugar Maple,2015,2.9,,,,initial
Upper,69,Sugar Maple,2016,3.1875,1.0,2.9,0.09913793103448279,normal
Upper,69,Sugar Maple,2017,3.1,1.0,3.1875,-0.027450980392156835,normal
Upper,69,Sugar Maple,2018,3.17,1.0,3.1,0.02258064516129027,normal
Upper,69,Sugar Maple,2021,3.38,3.0,3.17,0.022082018927444793,annualized
Upper,69,Sugar Maple,2022,3.25,1.0,3.38,-0.03846153846153843,normal
Upper,69,Sugar Maple,2023,3.31,1.0,3.25,0.018461538461538477,normal
Upper,69,Sugar Maple,2024,3.3,1.0,3.31,-0.0030211480362538463,normal
Upper,69,Sugar Maple,2025,3.5,1.0,3.3,0.06060606060606066,normal
Upper,7,sugar maple,2015,7.2,,,,initial
Upper,7,sugar maple,2016,7.3,1.0,7.2,0.01388888888888884,normal
Upper,7,sugar maple,2017,7.25,1.0,7.3,-0.006849315068493127,normal
Upper,7,sugar maple,2018,7.25,1.0,7.25,0.0,normal
Upper,7,sugar maple,2021,7.31,3.0,7.25,0.0027586206896551544,annualized
Upper,7,sugar maple,2022,7.4,1.0,7.31,0.012311901504788064,normal
Upper,7,sugar maple,2023,7.37,1.0,7.4,-0.004054054054054087,normal
Upper,7,sugar maple,2024,7.3,1.0,7.37,-0.009497964721845357,normal
Upper,7,sugar maple,2025,7.4,1.0,7.3,0.013698630136986375,normal
Upper,71,Sugar Maple,2015,3.5,,,,initial
Upper,71,Sugar Maple,2016,3.5,1.0,3.5,0.0,normal
Upper,71,Sugar Maple,2017,3.56,1.0,3.5,0.017142857142857158,normal
Upper,71,Sugar Maple,2018,2.67,1.0,3.56,-0.25000000000000006,normal
Upper,71,Sugar Maple,2021,3.73,3.0,2.67,0.13233458177278404,annualized
Upper,71,Sugar Maple,2022,3.7,1.0,3.73,-0.008042895442359197,normal
Upper,71,Sugar Maple,2023,3.75,1.0,3.7,0.013513513513513466,normal
Upper,71,Sugar Maple,2024,2.1,1.0,3.75,-0.44,normal
Upper,71,Sugar Maple,2025,3.9,1.0,2.1,0.857142857142857,normal
Upper,72,Sugar Maple,2015,8.6,,,,initial
Upper,72,Sugar Maple,2016,8.7,1.0,8.6,0.011627906976744146,normal
Upper,72,Sugar Maple,2017,8.6,1.0,8.7,-0.011494252873563178,normal
Upper,72,Sugar Maple,2018,8.62,1.0,8.6,0.0023255813953487877,normal
Upper,72,Sugar Maple,2021,8.75,3.0,8.62,0.005027068832173271,annualized
Upper,72,Sugar Maple,2022,7.4,1.0,8.75,-0.15428571428571425,normal
Upper,72,Sugar Maple,2023,8.84,1.0,7.4,0.19459459459459452,normal
Upper,72,Sugar Maple,2024,8.6,1.0,8.84,-0.02714932126696835,normal
Upper,72,Sugar Maple,2025,8.7,1.0,8.6,0.011627906976744146,normal
Upper,73,Sugar Maple,2015,21.2,,,,initial
Upper,73,Sugar Maple,2016,21.2,1.0,21.2,0.0,normal
Upper,73,Sugar Maple,2017,21.63,1.0,21.2,0.020283018867924517,normal
Upper,73,Sugar Maple,2018,21.45,1.0,21.63,-0.008321775312066562,normal
Upper,73,Sugar Maple,2021,22.0,3.0,21.45,0.008547008547008558,annualized
Upper,73,Sugar Maple,2022,21.16,1.0,22.0,-0.03818181818181818,normal
Upper,73,Sugar Maple,2023,22.38,1.0,21.16,0.05765595463137991,normal
Upper,73,Sugar Maple,2024,22.4,1.0,22.38,0.0008936550491510087,normal
Upper,73,Sugar Maple,2025,22.55,1.0,22.4,0.006696428571428667,normal
Upper,74,Sugar Maple,2015,22.0,,,,initial
Upper,74,Sugar Maple,2016,22.0,1.0,22.0,0.0,normal
Upper,74,Sugar Maple,2017,22.25,1.0,22.0,0.011363636363636364,normal
Upper,74,Sugar Maple,2018,22.69,1.0,22.25,0.019775280898876462,normal
Upper,74,Sugar Maple,2021,22.63,3.0,22.69,-0.0008814455707360404,annualized
Upper,74,Sugar Maple,2022,22.16,1.0,22.63,-0.02076889085285015,normal
Upper,74,Sugar Maple,2023,23.16,1.0,22.16,0.04512635379061372,normal
Upper,74,Sugar Maple,2024,23.8,1.0,23.16,0.027633851468048382,normal
Upper,74,Sugar Maple,2025,23.2,1.0,23.8,-0.025210084033613505,normal
Upper,75,Sugar Maple,2015,23.0,,,,initial
Upper,75,Sugar Maple,2016,23.0,1.0,23.0,0.0,normal
Upper,75,Sugar Maple,2017,23.13,1.0,23.0,0.005652173913043435,normal
Upper,75,Sugar Maple,2018,23.0,1.0,23.13,-0.005620406398616473,normal
Upper,75,Sugar Maple,2021,23.38,3.0,23.0,0.00550724637681158,annualized
Upper,75,Sugar Maple,2022,22.24,1.0,23.38,-0.04875962360992304,normal
Upper,75,Sugar Maple,2023,23.83,1.0,22.24,0.07149280575539568,normal
Upper,75,Sugar Maple,2024,24.0,1.0,23.83,0.007133864876206535,normal
Upper,75,Sugar Maple,2025,23.9,1.0,24.0,-0.004166666666666726,normal
Upper,76,Norway Maple,2015,1.7,,,,initial
Upper,76,Norway Maple,2016,1.9,1.0,1.7,0.11764705882352938,normal
Upper,76,Norway Maple,2017,1.85,1.0,1.9,-0.02631578947368412,normal
Upper,76,Norway Maple,2018,1.87,1.0,1.85,0.01081081081081082,normal
Upper,76,Norway Maple,2021,2.13,3.0,1.87,0.046345811051693366,annualized
Upper,76,Norway Maple,2022,2.1,1.0,2.13,-0.01408450704225343,normal
Upper,76,Norway Maple,2023,2.08,1.0,2.1,-0.009523809523809532,normal
Upper,76,Norway Maple,2024,2.1,1.0,2.08,0.009615384615384623,normal
Upper,76,Norway Maple,2025,2.1,1.0,2.1,0.0,normal
Upper,77,Norway Maple,2015,2.2,,,,initial
Upper,77,Norway Maple,2016,2.3,1.0,2.2,0.04545454545454529,normal
Upper,77,Norway Maple,2017,2.5,1.0,2.3,0.08695652173913052,normal
Upper,77,Norway Maple,2018,2.5,1.0,2.5,0.0,normal
Upper,77,Norway Maple,2021,2.69,3.0,2.5,0.025333333333333326,annualized
Upper,77,Norway Maple,2022,2.8,1.0,2.69,0.04089219330855014,normal
Upper,77,Norway Maple,2023,2.7,1.0,2.8,-0.03571428571428559,normal
Upper,77,Norway Maple,2024,3.0,1.0,2.7,0.11111111111111104,normal
Upper,77,Norway Maple,2025,3.1,1.0,3.0,0.03333333333333336,normal
Upper,78,Norway Maple,2015,2.4,,,,initial
Upper,78,Norway Maple,2016,2.5,1.0,2.4,0.041666666666666706,normal
Upper,78,Norway Maple,2017,2.68,1.0,2.5,0.07200000000000006,normal
Upper,78,Norway Maple,2018,2.65,1.0,2.68,-0.01119402985074636,normal
Upper,78,Norway Maple,2021,2.88,3.0,2.65,0.028930817610062894,annualized
Upper,78,Norway Maple,2022,3.0,1.0,2.88,0.041666666666666706,normal
Upper,78,Norway Maple,2023,2.94,1.0,3.0,-0.020000000000000018,normal
Upper,78,Norway Maple,2024,3.1,1.0,2.94,0.05442176870748304,normal
Upper,78,Norway Maple,2025,3.1,1.0,3.1,0.0,normal
Upper,79,Norway Maple,2015,2.5,,,,initial
Upper,79,Norway Maple,2016,2.5,1.0,2.5,0.0,normal
Upper,79,Norway Maple,2017,2.7,1.0,2.5,0.08000000000000007,normal
Upper,79,Norway Maple,2018,2.73,1.0,2.7,0.011111111111111039,normal
Upper,79,Norway Maple,2021,2.94,3.0,2.73,0.025641025641025637,annualized
Upper,79,Norway Maple,2022,3.0,1.0,2.94,0.02040816326530614,normal
Upper,79,Norway Maple,2023,3.4,1.0,3.0,0.1333333333333333,normal
Upper,79,Norway Maple,2024,3.2,1.0,3.4,-0.05882352941176463,normal
Upper,79,Norway Maple,2025,3.35,1.0,3.2,0.04687499999999997,normal
Upper,8,sugar maple,2015,9.8,,,,initial
Upper,8,sugar maple,2016,9.8,1.0,9.8,0.0,normal
Upper,8,sugar maple,2017,10.85,1.0,9.8,0.10714285714285703,normal
Upper,8,sugar maple,2018,10.0,1.0,10.85,-0.07834101382488476,normal
Upper,8,sugar maple,2021,9.88,3.0,10.0,-0.003999999999999974,annualized
Upper,8,sugar maple,2022,9.9,1.0,9.88,0.002024291497975665,normal
Upper,8,sugar maple,2023,9.97,1.0,9.9,0.007070707070707099,normal
Upper,8,sugar maple,2024,9.94,1.0,9.97,-0.003009027081243845,normal
Upper,8,sugar maple,2025,10.9,1.0,9.94,0.0965794768611671,normal
Upper,80,Sugar Maple,2015,17.1,,,,initial
Upper,80,Sugar Maple,2016,17.4,1.0,17.1,0.01754385964912264,normal
Upper,80,Sugar Maple,2017,17.35,1.0,17.4,-0.0028735632183906415,normal
Upper,80,Sugar Maple,2018,17.25,1.0,17.35,-0.005763688760806998,normal
Upper,80,Sugar Maple,2021,17.5,3.0,17.25,0.004830917874396135,annualized
Upper,80,Sugar Maple,2022,18.0,1.0,17.5,0.02857142857142857,normal
Upper,80,Sugar Maple,2023,18.0,1.0,18.0,0.0,normal
Upper,80,Sugar Maple,2024,18.0,1.0,18.0,0.0,normal
Upper,80,Sugar Maple,2025,18.0,1.0,18.0,0.0,normal
Upper,81,Sugar Maple,2015,11.5,,,,initial
Upper,81,Sugar Maple,2016,11.4,1.0,11.5,-0.008695652173913012,normal
Upper,81,Sugar Maple,2017,11.6,1.0,11.4,0.017543859649122744,normal
Upper,81,Sugar Maple,2018,11.81,1.0,11.6,0.018103448275862143,normal
Upper,81,Sugar Maple,2021,12.2,3.0,11.81,0.011007620660457205,annualized
Upper,81,Sugar Maple,2022,12.7,1.0,12.2,0.04098360655737705,normal
Upper,81,Sugar Maple,2023,12.5,1.0,12.7,-0.015748031496062936,normal
Upper,81,Sugar Maple,2024,12.8,1.0,12.5,0.024000000000000056,normal
Upper,81,Sugar Maple,2025,13.0,1.0,12.8,0.015624999999999944,normal
Upper,82,Sugar Maple,2015,16.9,,,,initial
Upper,82,Sugar Maple,2016,16.6,1.0,16.9,-0.017751479289940662,normal
Upper,82,Sugar Maple,2017,16.6,1.0,16.6,0.0,normal
Upper,82,Sugar Maple,2018,16.61,1.0,16.6,0.000602409638554097,normal
Upper,82,Sugar Maple,2021,17.0,3.0,16.61,0.00782661047561711,annualized
Upper,82,Sugar Maple,2022,16.7,1.0,17.0,-0.017647058823529453,normal
Upper,82,Sugar Maple,2023,16.8,1.0,16.7,0.005988023952095894,normal
Upper,82,Sugar Maple,2024,16.75,1.0,16.8,-0.0029761904761905185,normal
Upper,82,Sugar Maple,2025,17.0,1.0,16.75,0.014925373134328358,normal
Upper,83,Sugar Maple,2015,2.8,,,,initial
Upper,83,Sugar Maple,2016,2.8,1.0,2.8,0.0,normal
Upper,83,Sugar Maple,2017,2.85,1.0,2.8,0.017857142857142953,normal
Upper,83,Sugar Maple,2018,2.3,1.0,2.85,-0.19298245614035098,normal
Upper,83,Sugar Maple,2021,2.9,3.0,2.3,0.08695652173913046,annualized
Upper,83,Sugar Maple,2022,2.8,1.0,2.9,-0.03448275862068969,normal
Upper,83,Sugar Maple,2023,2.86,1.0,2.8,0.02142857142857145,normal
Upper,85,Sugar Maple,2015,12.1,,,,initial
Upper,85,Sugar Maple,2016,12.0,1.0,12.1,-0.008264462809917326,normal
Upper,85,Sugar Maple,2017,12.1,1.0,12.0,0.008333333333333304,normal
Upper,85,Sugar Maple,2018,12.2,1.0,12.1,0.008264462809917326,normal
Upper,85,Sugar Maple,2021,12.3,3.0,12.2,0.0027322404371585094,annualized
Upper,85,Sugar Maple,2022,12.4,1.0,12.3,0.00813008130081298,normal
Upper,85,Sugar Maple,2023,12.41,1.0,12.4,0.0008064516129032086,normal
Upper,85,Sugar Maple,2024,12.44,1.0,12.41,0.0024174053182916488,normal
Upper,85,Sugar Maple,2025,12.5,1.0,12.44,0.0048231511254019695,normal
Upper,86,Norway Maple,2015,1.8,,,,initial
Upper,86,Norway Maple,2016,1.8,1.0,1.8,0.0,normal
Upper,86,Norway Maple,2017,1.95,1.0,1.8,0.08333333333333329,normal
Upper,86,Norway Maple,2018,1.95,1.0,1.95,0.0,normal
Upper,86,Norway Maple,2021,2.3,3.0,1.95,0.05982905982905981,annualized
Upper,86,Norway Maple,2022,2.4,1.0,2.3,0.04347826086956526,normal
Upper,86,Norway Maple,2023,2.14,1.0,2.4,-0.10833333333333325,normal
Upper,86,Norway Maple,2024,2.17,1.0,2.14,0.014018691588784955,normal
Upper,86,Norway Maple,2025,2.2,1.0,2.17,0.013824884792626843,normal
Upper,87,Red Maple,2015,31.6,,,,initial
Upper,87,Red Maple,2016,30.5,1.0,31.6,-0.03481012658227853,normal
Upper,87,Red Maple,2017,29.3,1.0,30.5,-0.03934426229508194,normal
Upper,87,Red Maple,2018,30.48,1.0,29.3,0.04027303754266211,normal
Upper,87,Red Maple,2021,31.4,3.0,30.48,0.010061242344706891,annualized
Upper,87,Red Maple,2022,31.5,1.0,31.4,0.0031847133757962236,normal
Upper,87,Red Maple,2023,33.13,1.0,31.5,0.051746031746031824,normal
Upper,87,Red Maple,2024,31.58,1.0,33.13,-0.046785390884394935,normal
Upper,87,Red Maple,2025,31.0,1.0,31.58,-0.01836605446485112,normal
Upper,88,Norway Maple,2015,2.1,,,,initial
Upper,88,Norway Maple,2016,2.3,1.0,2.1,0.09523809523809511,normal
Upper,88,Norway Maple,2017,2.45,1.0,2.3,0.06521739130434799,normal
Upper,88,Norway Maple,2018,2.35,1.0,2.45,-0.040816326530612276,normal
Upper,88,Norway Maple,2021,2.6,3.0,2.35,0.035460992907801414,annualized
Upper,88,Norway Maple,2022,2.5,1.0,2.6,-0.03846153846153849,normal
Upper,88,Norway Maple,2023,2.5,1.0,2.5,0.0,normal
Upper,88,Norway Maple,2024,2.69,1.0,2.5,0.07599999999999998,normal
Upper,88,Norway Maple,2025,3.0,1.0,2.69,0.11524163568773237,normal
Upper,89,Sugar Maple ,2015,6.3,,,,initial
Upper,89,Sugar Maple ,2016,6.4,1.0,6.3,0.01587301587301596,normal
Upper,89,Sugar Maple ,2017,6.45,1.0,6.4,0.007812499999999972,normal
Upper,89,Sugar Maple ,2018,6.29,1.0,6.45,-0.024806201550387617,normal
Upper,89,Sugar Maple ,2021,6.7,3.0,6.29,0.021727609962904088,annualized
Upper,89,Sugar Maple ,2022,6.3,1.0,6.7,-0.05970149253731349,normal
Upper,89,Sugar Maple ,2023,6.3,1.0,6.3,0.0,normal
Upper,89,Sugar Maple ,2024,6.45,1.0,6.3,0.023809523809523867,normal
Upper,89,Sugar Maple ,2025,6.5,1.0,6.45,0.007751937984496096,normal
Upper,91,Sugar Maple,2015,17.0,,,,initial
Upper,91,Sugar Maple,2016,17.0,1.0,17.0,0.0,normal
Upper,91,Sugar Maple,2017,17.2,1.0,17.0,0.0117647058823529,normal
Upper,91,Sugar Maple,2018,16.95,1.0,17.2,-0.014534883720930232,normal
Upper,91,Sugar Maple,2021,17.75,3.0,16.95,0.015732546705998048,annualized
Upper,91,Sugar Maple,2022,18.4,1.0,17.75,0.03661971830985907,normal
Upper,91,Sugar Maple,2023,18.31,1.0,18.4,-0.0048913043478260795,normal
Upper,91,Sugar Maple,2024,17.76,1.0,18.31,-0.030038230475150036,normal
Upper,91,Sugar Maple,2025,18.0,1.0,17.76,0.013513513513513424,normal
Upper,92,Sugar Maple,2015,19.1,,,,initial
Upper,92,Sugar Maple,2016,15.3,1.0,19.1,-0.19895287958115185,normal
Upper,92,Sugar Maple,2017,15.5,1.0,15.3,0.013071895424836555,normal
Upper,92,Sugar Maple,2018,15.61,1.0,15.5,0.00709677419354835,normal
Upper,92,Sugar Maple,2021,16.9,3.0,15.61,0.027546444586803314,annualized
Upper,92,Sugar Maple,2022,16.23,1.0,16.9,-0.03964497041420108,normal
Upper,92,Sugar Maple,2023,17.47,1.0,16.23,0.07640172520024636,normal
Upper,92,Sugar Maple,2024,16.74,1.0,17.47,-0.041785918717801976,normal
Upper,92,Sugar Maple,2025,17.0,1.0,16.74,0.01553166069295111,normal
Upper,93,Norway Maple,2015,2.5,,,,initial
Upper,93,Norway Maple,2016,2.7,1.0,2.5,0.08000000000000007,normal
Upper,93,Norway Maple,2017,2.94,1.0,2.7,0.0888888888888888,normal
Upper,93,Norway Maple,2018,2.98,1.0,2.94,0.01360544217687076,normal
Upper,93,Norway Maple,2021,3.06,3.0,2.98,0.008948545861297548,annualized
Upper,93,Norway Maple,2022,3.13,1.0,3.06,0.022875816993464,normal
Upper,93,Norway Maple,2023,3.1,1.0,3.13,-0.009584664536741151,normal
Upper,93,Norway Maple,2024,3.24,1.0,3.1,0.045161290322580684,normal
Upper,93,Norway Maple,2025,3.0,1.0,3.24,-0.07407407407407414,normal
Upper,94,Norway Maple,2015,3.1,,,,initial
Upper,94,Norway Maple,2016,3.25,1.0,3.1,0.04838709677419352,normal
Upper,94,Norway Maple,2017,3.4,1.0,3.25,0.04615384615384613,normal
Upper,94,Norway Maple,2018,3.86,1.0,3.4,0.13529411764705881,normal
Upper,94,Norway Maple,2021,3.88,3.0,3.86,0.0017271157167530239,annualized
Upper,94,Norway Maple,2022,3.2,1.0,3.88,-0.17525773195876282,normal
Upper,94,Norway Maple,2023,4.08,1.0,3.2,0.27499999999999997,normal
Upper,94,Norway Maple,2024,4.16,1.0,4.08,0.01960784313725492,normal
Upper,94,Norway Maple,2025,4.5,1.0,4.16,0.08173076923076919,normal
Upper,95,Sugar Maple,2015,20.9,,,,initial
Upper,95,Sugar Maple,2016,21.15,1.0,20.9,0.011961722488038277,normal
Upper,95,Sugar Maple,2017,21.13,1.0,21.15,-0.0009456264775413511,normal
Upper,95,Sugar Maple,2018,21.39,1.0,21.13,0.012304779933743567,normal
Upper,95,Sugar Maple,2021,22.25,3.0,21.39,0.013401901199937656,annualized
Upper,95,Sugar Maple,2022,21.53,1.0,22.25,-0.0323595505617977,normal
Upper,95,Sugar Maple,2023,21.75,1.0,21.53,0.010218300046446764,normal
Upper,95,Sugar Maple,2024,21.56,1.0,21.75,-0.008735632183908104,normal
Upper,95,Sugar Maple,2025,22.0,1.0,21.56,0.020408163265306183,normal
Upper,96,Sugar Maple,2015,3.7,,,,initial
Upper,96,Sugar Maple,2016,4.13,1.0,3.7,0.11621621621621614,normal
Upper,96,Sugar Maple,2017,3.94,1.0,4.13,-0.046004842615012094,normal
Upper,96,Sugar Maple,2018,3.86,1.0,3.94,-0.0203045685279188,normal
Upper,96,Sugar Maple,2021,3.19,3.0,3.86,-0.057858376511226245,annualized
Upper,96,Sugar Maple,2022,3.39,1.0,3.19,0.06269592476489035,normal
Upper,96,Sugar Maple,2023,3.94,1.0,3.39,0.16224188790560465,normal
Upper,96,Sugar Maple,2024,3.98,1.0,3.94,0.0101522842639594,normal
Upper,96,Sugar Maple,2025,4.25,1.0,3.98,0.0678391959798995,normal
Upper,97,Norway Maple,2015,4.1,,,,initial
Upper,97,Norway Maple,2016,4.45,1.0,4.1,0.08536585365853672,normal
Upper,97,Norway Maple,2017,4.25,1.0,4.45,-0.04494382022471914,normal
Upper,97,Norway Maple,2018,4.31,1.0,4.25,0.014117647058823438,normal
Upper,97,Norway Maple,2021,4.8,3.0,4.31,0.03789636504253675,annualized
Upper,97,Norway Maple,2022,4.0,1.0,4.8,-0.16666666666666663,normal
Upper,97,Norway Maple,2023,4.69,1.0,4.0,0.1725000000000001,normal
Upper,97,Norway Maple,2024,5.2,1.0,4.69,0.10874200426439228,normal
Upper,97,Norway Maple,2025,5.0,1.0,5.2,-0.03846153846153849,normal
Upper,98,Sugar Maple,2015,10.75,,,,initial
Upper,98,Sugar Maple,2016,11.0,1.0,10.75,0.023255813953488372,normal
Upper,98,Sugar Maple,2017,11.19,1.0,11.0,0.017272727272727228,normal
Upper,98,Sugar Maple,2018,11.34,1.0,11.19,0.013404825737265447,normal
Upper,98,Sugar Maple,2021,10.8,3.0,11.34,-0.01587301587301585,annualized
Upper,98,Sugar Maple,2022,11.37,1.0,10.8,0.05277777777777764,normal
Upper,98,Sugar Maple,2023,12.1,1.0,11.37,0.06420404573438879,normal
Upper,98,Sugar Maple,2024,19.6,1.0,12.1,0.6198347107438018,normal
Upper,98,Sugar Maple,2025,12.5,1.0,19.6,-0.36224489795918374,normal
